"2025-07-14 01:06:29","EmployeeID: 10014","Field: Last Name","Old: Martinez","New: Martinaz"
"2025-07-14 01:06:29","EmployeeID: 10014","Field: Address","Old: 37/46 Kulas Roads, Maragondon 0962 Quirino ","New: 37/46 Kulas Roads, Maragondon 0962 Quirino"
"2025-07-14T01:07:40.307545700","10002","Last Name","Lim","Lin"
"2025-07-14T01:11:51.228034400","10002","Last Name","Lin","Lina"
"2025-07-14 01:13:30","10002","Last Name","Lin","LinA"
"2025-07-14 01:13:42","10002","Last Name","LinA","Lin"
"2025-07-19 03:20:07","10004","Last Name","Reyassss","Reyes"
"2025-07-20 01:28:08","10014","Last Name","Martinaz","Martinasssss"
"2025-07-20 01:38:57","10014","Last Name","Martinasssss","Martinez"
"2025-07-20 01:39:18","10014","Last Name","Martinasssss","Martinez"
